"beta1","beta2","alpha1","alpha1.x","alpha1.y","zeta1","alpha2","alpha2.x","alpha2.y","zeta2","theta","inv.fc","rc","xi","xi.x","xi.y","w","w.x","w.y"
-0.062923805937746,-5.53709029447645,0.866293585801578,0.884212377710111,0.848374793893046,1.04224263152918,0.414921257107209,0.437670408367449,0.39217210584697,1.11601616188948,87.3581213307241,548.011226318837,92.9880716548059,76.2955,78.831,73.76,5.23397517424546,6.11747245371019,4.35047789478074
