"beta1","beta2","alpha1","alpha1.x","alpha1.y","zeta1","alpha2","alpha2.x","alpha2.y","zeta2","theta","inv.fc","rc","xi","xi.x","xi.y","w","w.x","w.y"
-1.08837922356872,-5.01827406360687,0.790147922205088,0.79922082602876,0.781075018381415,1.02323183717353,0.352727234041033,0.309805241205985,0.395649226876081,1.27709016586011,244.461839530333,369.437100084439,95.9850630136337,68.6426785714282,66.9792857142853,70.306071428571,1.02862094844783,1.18586299256216,0.8713789043335
