"fc","beta1","beta2","beta.r2","alpha1_min.x","alpha1_mean.x","alpha1_max.x","alpha1_sd.x","alpha1_IQR.x","alpha2_min.x","alpha2_mean.x","alpha2_max.x","alpha2_sd.x","alpha2_IQR.x","rc_min.x","rc_mean.x","rc_max.x","rc_sd.x","rc_IQR.x","rmax_min.x","rmax_mean.x","rmax_max.x","rmax_sd.x","rmax_IQR.x","alpha.r2_min.x","alpha.r2_mean.x","alpha.r2_max.x","alpha.r2_sd.x","alpha.r2_IQR.x","alpha1_min.y","alpha1_mean.y","alpha1_max.y","alpha1_sd.y","alpha1_IQR.y","alpha2_min.y","alpha2_mean.y","alpha2_max.y","alpha2_sd.y","alpha2_IQR.y","rc_min.y","rc_mean.y","rc_max.y","rc_sd.y","rc_IQR.y","rmax_min.y","rmax_mean.y","rmax_max.y","rmax_sd.y","rmax_IQR.y","alpha.r2_min.y","alpha.r2_mean.y","alpha.r2_max.y","alpha.r2_sd.y","alpha.r2_IQR.y","zeta1","zeta2","theta"
0.0107707107614593,-4.93687009062948,-3.62739024422687,0.972369660384954,0.604734280676368,0.848279175277375,0.950660584587112,0.0869987202467184,0.0960189223181686,0.218891381902456,0.707895618251997,3.2311144275267,0.817973710925763,0.196496058299444,66.6822285631418,190.674298264917,640.73515790871,145.973372913066,46.1416884564208,288.16,362.736619718309,738.409999999999,128.735808792866,27.0149999999999,0.954339962362147,0.995226625000197,0.999818731534489,0.0124810702767447,0.000530885681064741,0.698134982020157,0.907617355268273,0.992218705280392,0.0747484010065087,0.0580981906015823,0.316236908445994,1.02825564596879,1.64242059935772,0.398602120338434,0.645786267525834,24.5572939259233,381.277881662345,483.237741443958,132.456096296282,125.367075081408,324.179999999999,628.392391304347,738.409999999999,146.765591520114,202.6125,0.996091690105542,0.999054266218468,0.999909361259042,0.00103523588090946,0.001399971668545,1.06995123978081,NA,76.0861056751468
