"beta1","beta2","alpha1","alpha1.x","alpha1.y","zeta1","alpha2","alpha2.x","alpha2.y","zeta2","theta","inv.fc","rc","xi","xi.x","xi.y","w","w.x","w.y"
-4.93687009062948,-3.62739024422687,0.793354328049351,0.854259158742192,0.73244949735651,1.16630451904917,0.353609498312187,0.390816435091073,0.316402561533302,1.23518732970162,76.0861056751468,92.8443834531597,152.052084069444,85.0050301204818,85.3847590361444,84.6253012048191,0.465766150400771,0.670495131599774,0.261037169201767
