"beta1","beta2","alpha1","alpha1.x","alpha1.y","zeta1","alpha2","alpha2.x","alpha2.y","zeta2","theta","inv.fc","rc","xi","xi.x","xi.y","w","w.x","w.y"
-7.16620737328146,-3.78920999232488,0.445760135574685,0.474924104079307,0.416596167070063,1.14001073850359,0.293139468856305,0.319518987067176,0.266759950645435,1.19777720116565,114.12915851272,78.6256337701674,44.572192513369,43.5294117647059,48.2352941176471,38.8235294117647,0.219255204138511,0.294162131397414,0.144348276879609
